time_steps,reward ep.,length
102400,-59.22120004892349,37.0
204800,-27.377393531799317,16.4
