time_steps,reward ep.,length
102400,-636.0339142799378,416.4
204800,-764.4244611144065,500.0
