time_steps,reward ep.,length
102400,-148.59180555343627,140.0
204800,-128.94212745428086,122.2
