time_steps,reward ep.,length
102400,-235.1374743938446,191.8
204800,-218.40379189252855,149.0
