time_steps,reward ep.,length
102400,-304.5037333726883,248.0
204800,-214.68905032873153,187.2
