time_steps,reward ep.,length
102400,-69.05028436183929,88.6
204800,-117.64901922643185,182.4
307200,-118.7224021166563,190.0
