time_steps,reward ep.,length
102400,-146.48896232247353,165.4
204800,-138.48317095041276,163.6
